Margeaux,Joiner,mjoiner0@redcross.org,18/11/2019
Claresta,Sprake,csprake1@wikipedia.org,14/02/2019
Ingaborg,Livermore,ilivermore2@1688.com,24/08/2020
Chiquita,Dunstan,cdunstan3@prlog.org,18/06/2020
Dulcy,Botterell,dbotterell4@istockphoto.com,11/02/2019
Burnaby,Flieger,bflieger5@360.cn,19/10/2021
Nataline,Birkbeck,nbirkbeck6@theatlantic.com,18/11/2019
Valina,Tirone,vtirone7@businesswire.com,28/03/2021
Aloise,Kivlehan,akivlehan8@printfriendly.com,20/10/2019
Tate,Rossiter,trossiter9@google.it,27/01/2019
Thorn,Gostall,tgostalla@tamu.edu,25/07/2020
Freddy,Badcock,fbadcockb@ucoz.com,14/06/2020
Karol,Wollard,kwollardc@woothemes.com,15/01/2021
Benjie,Smye,bsmyed@netscape.com,13/06/2019
Justine,Alldread,jalldreade@berkeley.edu,31/12/2019
Ariana,Noury,anouryf@istockphoto.com,21/01/2020
Vanda,Stockney,vstockneyg@craigslist.org,04/01/2021
Arney,Beeze,abeezeh@ustream.tv,23/05/2020
Fee,Bourgaize,fbourgaizei@fda.gov,25/11/2019
Bessie,Camies,bcamiesj@aboutads.info,16/03/2021
Garrott,Newbery,gnewberyk@tripadvisor.com,20/12/2021
Lucina,Tideswell,ltideswelll@exblog.jp,28/06/2019
Daffy,Berget,dbergetm@lulu.com,20/05/2020
Teriann,Wordley,twordleyn@tuttocitta.it,17/06/2019
Abdul,Manketell,amanketello@comsenz.com,30/10/2019
Janeta,Sackur,jsackurp@deliciousdays.com,28/03/2021
Nancie,Panswick,npanswickq@nytimes.com,05/10/2021
Cori,Savile,csaviler@patch.com,04/10/2019
Yvor,Dudek,ydudeks@de.vu,23/12/2019
Beth,Schimke,bschimket@usnews.com,16/09/2020
Joannes,Caesmans,jcaesmansu@indiatimes.com,15/11/2019
Brockie,Hardson,bhardsonv@answers.com,21/06/2019
Garold,Erdely,gerdelyw@acquirethisname.com,21/09/2021
Gertruda,Jopp,gjoppx@wikia.com,01/08/2021
Lucila,Woodroffe,lwoodroffey@cafepress.com,28/07/2019
Rossie,Benedidick,rbenedidickz@tinyurl.com,25/03/2020
Floyd,Muris,fmuris10@reverbnation.com,05/02/2019
Karoly,Dodgshon,kdodgshon11@shutterfly.com,27/04/2021
Libby,Goane,lgoane12@usnews.com,22/03/2019
Kaitlin,Ginnally,kginnally13@timesonline.co.uk,09/08/2019
Base,Soan,bsoan14@npr.org,08/11/2019
Lothario,Carlozzi,lcarlozzi15@yellowbook.com,19/05/2020
Laural,Glasebrook,lglasebrook16@list-manage.com,04/11/2021
Barret,Beasleigh,bbeasleigh17@digg.com,02/09/2019
Melvin,Gavigan,mgavigan18@netlog.com,15/12/2019
Regina,Pranger,rpranger19@quantcast.com,10/06/2019
Yvette,Chivers,ychivers1a@miibeian.gov.cn,27/03/2020
Reynolds,Blackah,rblackah1b@usa.gov,10/09/2020
Veradis,Jado,vjado1c@phpbb.com,26/05/2020
Dalis,Gritland,dgritland1d@uol.com.br,03/01/2019
